<?xml version="1.0" encoding="UTF-8"?>

<drinks>
	<drink>
		<name>Beer</name>
		<percentage>4.5</percentage>
		<volume>0.33</volume>
		<disp_vol>0.33L</disp_vol>
		<url>static/images/beer033.png</url>
		<id>0</id>
	</drink>
	<drink>
		<name>Beer</name>
		<percentage>4.5</percentage>
		<volume>0.5</volume>
		<disp_vol>0.5L</disp_vol>
		<url>static/images/beer05.png</url>
		<id>1</id>
	</drink>
	<drink>
		<name>Wine</name>
		<percentage>12</percentage>
		<volume>0.12</volume>
		<disp_vol>12cL</disp_vol>
		<url>static/images/wine20.png</url>
		<id>2</id>
	</drink>
	<drink>
		<name>Fortified Wine</name>
		<percentage>20</percentage>
		<volume>0.075</volume>
		<disp_vol>7.5cL</disp_vol>
		<url>static/images/wine40.png</url>
		<id>3</id>
	</drink>
	<drink>
		<name>Liqour</name>
		<percentage>20</percentage>
		<volume>0.04</volume>
		<disp_vol>4cL</disp_vol>
		<url>static/images/liqour20.png</url>
		<id>4</id>
	</drink>
	<drink>
		<name>Liqour</name>
		<percentage>40</percentage>
		<volume>0.04</volume>
		<disp_vol>4cL</disp_vol>
		<url>static/images/liqour40.png</url>
		<id>5</id>
	</drink>
	<drink>
		<name>Alcopop</name>
		<percentage>3</percentage>
		<volume>0.275</volume>
		<disp_vol>275mL</disp_vol>
		<url>static/images/alcopop.png</url>
		<id>6</id>
	</drink>
	<drink>
		<name>Cider</name>
		<percentage>4.7</percentage>
		<volume>0.5</volume>
		<disp_vol>0.5L</disp_vol>
		<url>static/images/cider.png</url>
		<id>7</id>
	</drink>
	<drink>
		<name>Moonshine</name>
		<percentage>95</percentage>
		<volume>0.02</volume>
		<disp_vol>2cL</disp_vol>
		<url>static/images/moonshine.png</url>
		<id>8</id>
	</drink>
</drinks>